{
  "background": {
    "sky": [
      { "color": "afe9ddff", "heightPercentage": 1.0 },
      { "color": "afe9ddff", "heightPercentage": 0.0 },
      { "color": "afe9ddff", "heightPercentage": -1.0 }
    ],
     "objects":[
    {
        "type": "radial-gradient",
        "x":1.1,
        "y":0.7,
        "radius": 0.3,
        "colors":[
            { "color": "#9fa01655", "percentage": 0.0 },
            { "color": "#00000000", "percentage": 1.0 }
        ],
        "blending": "ADDITIVE",
        "ambientColor": "#FFFFFFFF"
    },
    {
        "type": "sprite",
        "textureId": "sun",
        "x":1.00,
        "y":0.60,
        "width":0.2,
        "height":0.2,
        "blending": "NORMAL",
        "ambientColor": "#fdffeeff"
    }]
  },
  "foreground": {
    "objects":[
    {
        "type": "sprite",
        "textureId": "light_flare",
        "x":-0.4,
        "y":-0.8,
        "width":3,
        "height":3,
        "blending": "ADDITIVE",
        "ambientColor": "#9fa01655"
    }
    ]
  },
  "shadings": {
    "background1shading": {
      "ambientColor": "#38211eff",
      "fog": {
        "enabled": true,
        "centerColor": "#92c8f0ff",
        "centerStrength": 1.0,
        "outsideColor": "#92c8f0ff",
        "outsideStrength": 1.0
      }
    },
    "background2shading": {
      "ambientColor": "#38211eff",
      "fog": {
        "enabled": true,
        "centerColor": "#c8e3f7ff",
        "centerStrength": 1.0,
        "outsideColor": "#b3d8f3ff",
        "outsideStrength": 1.0
      }
    },
    "background3shading": {
      "ambientColor": "#d4e4ecff",
      "fog": {
        "enabled": true,
        "centerColor": "#d4e4ecff",
        "centerStrength": 0.5,
        "outsideColor": "#82b6deff",
        "outsideStrength": 0.5
      }
    },
    "background4shading": {
      "ambientColor": "#dfeaefff",
      "fog": {
        "enabled": false,
        "centerColor": "#000000",
        "centerStrength": 1.0,
        "outsideColor": "#000000",
        "outsideStrength": 1.0
      }
    },
    "background5shading": {
      "ambientColor": "#dee7eaff",
      "fog": {
        "enabled": false,
        "centerColor": "#dee7eaff",
        "centerStrength": 1.0,
        "outsideColor": "#dee7eaff",
        "outsideStrength": 1.0
      }
    }
  },
  "skiJumperShading": "background5shading",
  "hillBodyOverlayShading": "background5shading",
  "effectShadings": {
    "snowParticlesShading": "background5shading"
  },
  "layerShadings": {
  }
}
